<?xml version="1.0" encoding="UTF-8"?>
<mapred>
    <!-- profile -->
    <baseId>029e4257b407e4f57896ee8e86b6fab5</baseId>
    <projectId>10596</projectId>
    <resourceName>featureGenerate</resourceName>
    <idePath>工作流/jyf</idePath>

    <!-- classes -->
    <jobLauncher>zxy.featureGenerate.JobLauncher</jobLauncher>
    <mapper>zxy.featureGenerate.MyMapper</mapper>
    <reducer>zxy.featureGenerate.MyReducer</reducer>

    <!--task-->
    <mapOutputKey>session:bigint,user_id:string</mapOutputKey>
    <mapOutputValue>item_id:bigint,action:string,vtime:string</mapOutputValue>
    <!--
    <partitionColumns>col1,col2</partitionColumns>
    <outputKeySortColumns>col1,col2</outputKeySortColumns>
    <outputKeySortOrders>ASC,DESC</outputKeySortOrders>
    <outputGroupingColumns>col1,col2</outputGroupingColumns>
    <numReduceTask>8</numReduceTask>
    <memoryForMapTask>2048</memoryForMapTask>
    <memoryForReduceTask>2048</memoryForReduceTask>
    -->

    <!-- tables -->
    <inputTables>
        <table>
            <name>sessionbuy</name>
        </table>
    </inputTables>
    <outputTable>
        <name>sessionbuy_lr_feature</name>
    </outputTable>
</mapred>
