<?xml version="1.0" encoding="UTF-8"?>
<mapred>
    <!-- profile -->
    <baseId>029e4257b407e4f57896ee8e86b6fab5</baseId>
    <projectId>2805</projectId>
    <resourceName>usersim</resourceName>
    <idePath>工作流/knn</idePath>

    <!-- classes -->
    <jobLauncher>zxy.usersim.JobLauncher</jobLauncher>
    <mapper>zxy.usersim.MyMapper</mapper>
    <reducer>zxy.usersim.MyReducer</reducer>

    <!--task-->
    <mapOutputKey>u:string,bs:string</mapOutputKey>
    <mapOutputValue>uc:string,bsc:string,cnt:bigint</mapOutputValue>
    <!--
    <partitionColumns>col1,col2</partitionColumns>
    <outputKeySortColumns>col1,col2</outputKeySortColumns>
    <outputKeySortOrders>ASC,DESC</outputKeySortOrders>
    <outputGroupingColumns>col1,col2</outputGroupingColumns>
    <numReduceTask>8</numReduceTask>
    <memoryForMapTask>2048</memoryForMapTask>
    <memoryForReduceTask>2048</memoryForReduceTask>
    -->

    <!-- tables -->
    <inputTables>
        <table>
            <name>usercomptable</name>
        </table>
    </inputTables>
    <outputTable>
        <name>userSimItemTable</name>
    </outputTable>
</mapred>
