<?xml version="1.0" encoding="UTF-8"?>
<mapred>
    <!-- profile -->
    <baseId>029e4257b407e4f57896ee8e86b6fab5</baseId>
    <projectId>2805</projectId>
    <resourceName>segment</resourceName>
    <idePath>工作流/mrtest</idePath>

    <!-- classes -->
    <jobLauncher>zxy.segment.JobLauncher</jobLauncher>
    <mapper>zxy.segment.segmentMap</mapper>
    <reducer>zxy.segment.segmentReduce</reducer>
    <combiner></combiner>

    <!--task-->
    <mapOutputKey>user_id:string</mapOutputKey>
    <mapOutputValue>category:string,item_id:bigint,action:string,vtime:string,session:bigint</mapOutputValue>
    <!--
    <partitionColumns>col1,col2</partitionColumns>
    <outputKeySortColumns>col1,col2</outputKeySortColumns>
    <outputKeySortOrders>ASC,DESC</outputKeySortOrders>
    <outputGroupingColumns>col1,col2</outputGroupingColumns>
    <numReduceTask>8</numReduceTask>
    <memoryForMapTask>2048</memoryForMapTask>
    <memoryForReduceTask>2048</memoryForReduceTask>
    -->

    <!-- tables -->
    <inputTables>
        <table>
            <name>loginfo_frq_item</name>
        </table>
    </inputTables>
    <outputTable>
        <name>session</name>
    </outputTable>
</mapred>
