<?xml version="1.0" encoding="UTF-8"?>
<mapred>
    <!-- profile -->
    <baseId>029e4257b407e4f57896ee8e86b6fab5</baseId>
    <projectId>2805</projectId>
    <resourceName>switch_pr_iteration</resourceName>
    <idePath>工作流/comp</idePath>

    <!-- classes -->
    <jobLauncher>zxy.switch_pr_iteration.JobLauncher</jobLauncher>
    <mapper>zxy.switch_pr_iteration.MyMapper</mapper>
    <reducer>zxy.switch_pr_iteration.MyReducer</reducer>

    <!--task-->
    <mapOutputKey>item_from:string,item_to:string</mapOutputKey>
    <mapOutputValue>switch_pr:double</mapOutputValue>
    <!--
    <partitionColumns>col1,col2</partitionColumns>
    <outputKeySortColumns>col1,col2</outputKeySortColumns>
    <outputKeySortOrders>ASC,DESC</outputKeySortOrders>
    <outputGroupingColumns>col1,col2</outputGroupingColumns>
    <numReduceTask>8</numReduceTask>
    <memoryForMapTask>2048</memoryForMapTask>
    <memoryForReduceTask>2048</memoryForReduceTask>
    -->

    <!-- tables -->
    <inputTables>
        <table>
            <name>item_from_to_tolist_pr</name>
        </table>
    </inputTables>
    <outputTable>
        <name>item_switch_iteration</name>
    </outputTable>
</mapred>
