<?xml version="1.0" encoding="UTF-8"?>
<mapred>
    <!-- profile -->
    <baseId>029e4257b407e4f57896ee8e86b6fab5</baseId>
    <projectId>2805</projectId>
    <resourceName>haha</resourceName>
    <idePath>workflow/myfolder</idePath>

    <!-- classes -->
    <jobLauncher>zxy.haha.JobLauncher</jobLauncher>
    <mapper>zxy.haha.MyMapper</mapper>
    <reducer>zxy.haha.MyReducer</reducer>
    <combiner>zxy.haha.MyCombiner</combiner>

    <!--task-->
    <mapOutputKey>word:string</mapOutputKey>
    <mapOutputValue>cnt:bigint</mapOutputValue>
    <!--
    <partitionColumns>col1,col2</partitionColumns>
    <outputKeySortColumns>col1,col2</outputKeySortColumns>
    <outputKeySortOrders>ASC,DESC</outputKeySortOrders>
    <outputGroupingColumns>col1,col2</outputGroupingColumns>
    <numReduceTask>8</numReduceTask>
    <memoryForMapTask>2048</memoryForMapTask>
    <memoryForReduceTask>2048</memoryForReduceTask>
    -->

    <!-- tables -->
    <inputTables>
        <table>
            <name>wordcount_in</name>
            <partitions>
                <partition>dt={yyyymmdd}</partition>
                <partition>dt={yyyymmdd-1}</partition>
            </partitions>
        </table>
    </inputTables>
    <outputTable>
        <name>wordcount_out</name>
        <partition>dt={yyyymmdd}</partition>
    </outputTable>
</mapred>
