<?xml version="1.0" encoding="UTF-8"?>
<mapred>
    <!-- profile -->
    <baseId>029e4257b407e4f57896ee8e86b6fab5</baseId>
    <projectId>2805</projectId>
    <resourceName>lfrstate2</resourceName>
    <idePath>工作流/lfr</idePath>

    <!-- classes -->
    <jobLauncher>lfr.lfrstate2.JobLauncher</jobLauncher>
    <mapper>lfr.lfrstate2.MyMapper</mapper>
    <reducer>lfr.lfrstate2.MyReducer</reducer>

    <!--task-->
    <mapOutputKey>item:string</mapOutputKey>
    <mapOutputValue>session:bigint,user_id:string,userfeature:string,isbought:bigint,fuis:double,itemfeature:String</mapOutputValue>
    <!--
    <partitionColumns>col1,col2</partitionColumns>
    <outputKeySortColumns>col1,col2</outputKeySortColumns>
    <outputKeySortOrders>ASC,DESC</outputKeySortOrders>
    <outputGroupingColumns>col1,col2</outputGroupingColumns>
    <numReduceTask>8</numReduceTask>
    <memoryForMapTask>2048</memoryForMapTask>
    <memoryForReduceTask>2048</memoryForReduceTask>
    -->

    <!-- tables -->
    <inputTables>
        <table>
            <name>lfstate2</name>
        </table>
    </inputTables>
    <outputTable>
        <name>lfstate1</name>
    </outputTable>
</mapred>
