<?xml version="1.0" encoding="UTF-8"?>
<mapred>
    <!-- profile -->
    <baseId>029e4257b407e4f57896ee8e86b6fab5</baseId>
    <projectId>2805</projectId>
    <resourceName>lftest</resourceName>
    <idePath>工作流/lf</idePath>

    <!-- classes -->
    <jobLauncher>zxy.lftest.JobLauncher</jobLauncher>
    <mapper>zxy.lftest.MyMapper</mapper>
    <reducer>zxy.lftest.MyReducer</reducer>

    <!--task-->
    <mapOutputKey>user_id:string,session:bigint,userfeature:string</mapOutputKey>
    <mapOutputValue>isbought:bigint,item:string,fuis:double,itemfeature:String</mapOutputValue>
    <!--
    <partitionColumns>col1,col2</partitionColumns>
    <outputKeySortColumns>col1,col2</outputKeySortColumns>
    <outputKeySortOrders>ASC,DESC</outputKeySortOrders>
    <outputGroupingColumns>col1,col2</outputGroupingColumns>
    <numReduceTask>8</numReduceTask>
    <memoryForMapTask>2048</memoryForMapTask>
    <memoryForReduceTask>2048</memoryForReduceTask>
    -->

    <!-- tables -->
    <inputTables>
        <table>
            <name>lfstate1</name>
        </table>
    </inputTables>
    <outputTable>
        <name>lfresult</name>
    </outputTable>
</mapred>
